,Kcalories,Glucides,Prot√©ines,Lipides
lait-de-poule,88,8.05,4.55,4.19
champagne-champagne-brut,70,15,0,0
chocolat-en-poudre,400,90.28,4.55,2.27
poudre-de-cacao,398,83.73,6.67,4
poudre-de-cacao-non-sucree,228,57.9,19.6,13.7
lait-de-coco,230,5.54,2.29,23.84
eau-de-coco,19,3.71,0.72,0.2
boisson-maltee,37,8.05,0.21,0.12
jus-de-fruits-legumes,29,7.47,0.04,0.01
boisson-de-riz,47,9.17,0.28,0.97
lait-demi-ecreme-marque-repere,46,4.8,3.2,1.6
boisson-water,20,5,0,0
gateaux-aux-pepites-de-chocolat-ptit-deli,443.3333,52.4,6.6667,23
biscuit-chocolat-au-lait-sondey,500,62.6,7.4,23.8
compote-pommes-banane-andros,87,17,0.5,0.2
galette-de-riz-au-sesame-auchan-bio,376.6234,77.9221,7.7922,3.8961
kub-or-maggi,168,18,6.4,7.6
j-malbouffe,1500,0,0,0
crackers-gout-emmental-carrefour,519,49,14,29
oeuf-au-plat-698874,91,0.6,6.4,7
compote-netto,57,14,0.5,0.5
tarte-maison-marie,222.2857,21.1429,6.8571,12
compote-pommes-banane-vanille-charles-et-alice,78,17.1,0.7,0.4
jogurt-soja-chocolat-milbona,109,18.1,3.4,2.1
veloute-de-champignons-knorr,46,5.5,1,2.3
pain-a-hamburger-kentucky-fried-chicken-kfc,356,42.51,7.25,17.45
pain-a-hamburger-grande-taille-mcdonalds,344,43.76,6.16,16.01
pain-a-hamburger-mcdonalds,344,43.77,6.16,16
poitrine-de-poulet-panee-kentucky-fried-chicken-kfc,268,8.47,21.24,16.55
pilons-de-poulet-panes-kentucky-fried-chicken-kfc,274,7.96,20.62,17.73
ailes-de-poulet-panees-kentucky-fried-chicken-kfc,337,11.66,20.8,23
chicken-mcnuggets-mcdonalds,302,15.09,15.79,19.81
lanieres-de-poulet-burger-king,320,17.55,15.42,20.89
lanieres-de-poulet-frit-kentucky-fried-chicken-kfc,274,13.66,20.25,15.42
poitrine-de-poulet-frit-kentucky-fried-chicken-kfc,153,0.25,27.25,4.82
pilons-de-poulet-frit-kentucky-fried-chicken-kfc,170,0,25.9,7.43
cuisse-de-poulet-frit-kentucky-fried-chicken-kfc,179,0,22.41,9.96
aile-de-poulet-frit-kentucky-fried-chicken-kfc,236,2.97,28.67,12.13
egg-mcmuffin-mcdonalds,228,21.67,13.64,9.66
muffin-anglais-mcdonalds,285,44.36,9.26,7.87
frites-burger-king,280,38.7,3.23,12.48
frites-mcdonalds,323,42.58,3.41,15.47
pain-perdu-frit-burger-king,349,41.21,6,17.74
crepes-saucisse-mcdonalds,294,38.79,5.87,13.21
crepes-mcdonalds,228,38.27,6,5.84
crepes-au-sirop-mcdonalds,272,46.08,4.05,8.06
hot-dog,247,18.4,10.6,14.84
hot-dog-au-chili,260,27.45,11.85,11.79
pogo-saucisse-fumee-enrobee-de-pate-a-frire,263,31.88,9.6,10.8
mcchicken-mcdonalds,273,27.97,10.43,13.21
nachos-supreme-taco-bell,246,23.09,7.59,13.65
nachos-taco-bell,366,36.38,5.15,22.17
rondelles-doignons-burger-king,417,43.58,3.86,25.23
rondelles-doignons-frits,411,43.58,3.86,25.23
original-taco-au-boeuf-fromage-salade-taco-bell,229,19.85,8.86,12.7
frites-mccain,164,24.5,2.5,5.5
ketchup-kentucky-fried-chicken-kfc,120,28,1,1
frites-petite-kentucky-fried-chicken-kfc,189,31.5833,4,10.1667
steak-hache-de-dinde-frit,283,15.7,14,18
oeufs-brouilles-mcdonalds,193,1.85,15.06,14.69
pain-a-hamburger-avec-saucisse-mcdonalds,376,27.2,9.62,25.4
burrito-avec-saucisse-mcdonalds,262,21.39,11.54,15.15
saucisse-mcgriddles-mcdonalds,312,31.25,8.41,17.76
saucisse-mcmuffin-mcdonalds,333,24.52,12.66,21.06
quartiers-de-pommes-de-terre-kentucky-fried-chicken-kfc,283,33.55,4.05,14.77
piment-de-la-jamaique-moulu,263,72.12,6.09,8.69
piment-ancho-seche,281,51.42,11.86,8.2
basilic-seche,233,47.75,22.98,4.07
basilic-frais,23,2.65,3.15,0.64
feuille-de-laurier,313,74.97,7.61,8.36
bourrache,21,3.06,1.8,0.7
petasite,3,0.38,0.11,0.13
cardamome,311,68.47,10.76,6.7
cerfeuil-seche,237,49.1,23.2,3.9
chili-en-poudre,282,49.7,13.46,14.28
ciboulette-sechee,311,64.29,21.2,3.5
ciboulette-fraiche,30,4.35,3.27,0.73
cannelle-moulue,247,80.59,3.99,1.24
clous-de-girofle-moulus,274,65.53,5.97,13
coriandre-frais,23,3.67,2.13,0.52
feuilles-de-coriandre-sechees,279,52.1,21.93,4.78
graines-de-coriandre,298,54.99,12.37,17.77
cresson-cuit,23,3.8,1.9,0.6
cresson-frais,32,5.5,2.6,0.7
curry-en-poudre,325,58.15,12.66,13.81
feuilles-de-pissenlit-cuites,33,6.4,2,0.6
feuilles-de-pissenlit-fraiches,45,9.2,2.7,0.7
aneth-sechee,253,55.82,19.96,4.36
aneth-fraiche,43,7.02,3.46,1.12
oseille,22,3.2,2,0.7
fausse-ambroisie,32,7.44,0.33,0.52
perideridia-oregana,150,31.68,4.6,1.8
epilobe-a-feuilles-etroites,103,19.22,4.71,2.75
ail-en-poudre,331,72.73,16.55,0.73
ail,149,33.06,6.36,0.5
racine-de-wasabi,109,23.54,4.8,0.63
curcuma-moulu,354,64.93,7.83,9.88
thym-seche,276,63.94,9.11,7.43
thym-frais,101,24.45,5.56,1.68
estragon-seche,295,50.22,22.77,7.24
menthe-verte-sechee,285,52.04,19.93,6.03
menthe-verte-fraiche,44,8.41,3.29,0.73
sarriette-moulue,272,68.73,6.73,5.91
sel,0,0,0,0
safran,310,65.37,11.43,5.85
sauge-moulue,315,60.73,10.63,12.75
romarin-seche,331,64.06,4.88,15.22
romarin-frais,131,20.7,3.31,5.86
epices-a-volaille,307,65.59,9.59,7.53
poivre-noir,251,63.95,10.39,3.26
poivre-de-cayenne,318,56.63,12.01,17.27
poivre-blanc,296,68.61,10.4,2.12
menthe-poivree,70,14.89,3.75,0.94
persil-frais,36,6.33,2.97,0.79
piments-pasilla-seches,345,51.13,12.35,15.85
paprika,282,53.99,14.14,12.89
persil-seche,292,50.64,26.63,5.48
origan-seche,265,68.92,9,4.28
oignon-en-poudre,341,79.12,10.41,1.04
noix-de-muscade-moulue,525,49.29,5.84,36.31
moutarde,67,5.33,4.37,4.01
marjolaine-sechee,271,60.56,12.66,7.04
macis-moulu,475,50.5,6.71,32.38
gingembre-moulu,335,71.62,8.98,4.24
racine-de-gingembre,80,17.77,1.82,0.75
caramel-ecossais,391,90.4,0.03,3.3
caramel-avec-noix-enrobe-de-chocolat,470,60.67,9.5,21
grains-de-cafe-enrobes-de-chocolat,549,55.25,7.41,33.18
barre-aux-fruits-jus-de-fruits,87,20.2,1.2,0.1
pain-depice,356,49.2,3.9,16.4
halva,469,60.49,12.49,21.52
marshmallow-enrobe-de-chocolat,421,67.7,4,16.9
marshmallow,318,81.3,1.8,0.2
cacahuete-enrobee-de-chocolat,519,49.7,13.1,33.5
raisin-enrobe-de-chocolat,390,68.4,4.1,14.8
nougat-aux-amandes,398,92.39,3.33,1.67
croquant-aux-cacahuetes,486,71.24,7.57,18.98
fudge-au-beurre-de-cacahuete,387,77.75,3.78,6.59
praline,485,59.59,3.3,25.9
pomme-damour,94,23.64,2.06,0.29
amandes-enrobees-de-chocolat,474,68.26,10,17.93
caramel-mou,560,64.72,1.07,32.75
fudge-a-la-vanille,383,82.15,1.05,5.45
fudge-a-la-vanille-et-aux-noix,435,74.61,3,13.69
ourson-guimauve-cemoi,360,65,3.5,9.7
michoko-la-pie-qui-chante,128,16.8,0.8,5.6
fromage-a-hamburger,371,3.7,18.13,31.79
fromage-bleu,353,2.34,21.4,28.74
substitut-de-fromage,390,1,25,32
monterey-jack-fromage-allege,310,0.7,28.2,21.6
chester-fromage,387,4.78,23.37,30.6
colby-fromage,394,2.57,23.76,32.11
edam-fromage,357,1.43,24.99,27.8
fontina-fromage,389,1.55,25.6,31.14
monterey-jack-fromage,373,0.68,24.48,30.28
crateva-religiosa,69,17.6,1.5,0.1
pomme-golden-delicious,57,13.6,0.28,0.15
pomme,52,13.81,0.26,0.17
apple-dippers-mcdonalds,48,12.1,0,0
compote-de-pomme,42,11.27,0.17,0.1
abricot,48,11.12,1.4,0.39
banane,89,22.84,1.09,0.33
mures-congelees,64,15.67,1.18,0.43
mures-crues,43,9.61,1.39,0.49
mures,57,14.49,0.74,0.33
fruit-a-pain,103,27.12,1.07,0.23
carambole,31,6.73,1.04,0.33
cherimole,75,17.71,1.57,0.68
cerises-griottes,50,12.18,1,0.3
cerises,63,16.01,1.06,0.2
baies-daronia,162,33.62,3.04,1.69
clementine,47,12.02,0.85,0.15
pomme-sauvage,76,19.95,0.4,0.3
canneberges,46,12.2,0.39,0.13
cassis-noirs,63,15.38,1.4,0.41
cassis-rouges-blancs,56,13.8,1.4,0.2
baies-de-sureau,73,18.4,0.66,0.5
feijoa-gojave-du-bresil,55,12.92,0.98,0.6
figues,74,19.18,0.75,0.3
salade-fruits-noix-mcdonalds,118,16.6,1.81,5.05
chayote-cuite,22,4.5,0.62,0.48
chayote-crue,19,4.51,0.82,0.13
groseilles-a-maquereau,44,10.18,0.88,0.58
pamplemousse,42,10.66,0.77,0.14
pamplemousse-blanc,33,8.41,0.69,0.1
compote-pomme-peche-douceur-du-verger,78,17,0.6,0.2
bleuets-bleuet,170,8,1,15
pasteque,30,7.55,0.61,0.15
mandarine,53,13.34,0.81,0.31
fraises,32,7.68,0.67,0.3
baie-de-sorbier,111,23.9,2.3,2
gratte-cul,162,38.22,1.6,0.34
framboises,52,11.94,1.2,0.65
framboises-sauvages,62,13.85,1.12,0.28
coing,57,15.3,0.4,0.1
puree-de-prune,257,65.1,2.1,0.2
prunes-en-compote,113,29.7,1.23,0.24
prunes,339,89.07,3.7,0.73
pousses-de-raisin-damerique-crues,23,3.7,2.6,0.4
grenade,83,18.7,1.67,1.17
prune,46,11.42,0.7,0.28
prune-sauvage,91,21.95,0.43,0.17
pousses-de-raisin-damerique-cuites,20,3.1,2.3,0.4
figue-de-barbarie-crue,42,10.17,0.12,0.11
banane-plantain-cuite,116,31.15,0.79,0.18
banane-plantain-frite,309,49.17,1.5,11.81
banane-plantain-crue,122,31.89,1.3,0.37
banane-plantain-jaune-frite,236,40.77,1.42,7.51
figue-de-barbarie-cuite,91,21.57,0.39,0.31
ananas,50,13.12,0.54,0.12
kaki-du-japon-seche,274,73.43,1.38,0.59
kaki-du-japon,70,18.59,0.58,0.19
kaki,127,33.5,0.8,0.4
nashi-pomme-poire,42,10.65,0.5,0.23
poire,57,15.23,0.36,0.14
boules-de-melon,33,7.94,0.84,0.25
cerises-au-marasquin,165,41.97,0.22,0.21
cerises-de-terre,53,11.2,1.9,0.7
citron-vert,30,10.54,0.7,0.2
citrons,29,9.32,1.1,0.3
goyave,68,14.32,2.55,0.95
goyave-de-chine,69,17.36,0.58,0.6
jamblon,60,15.56,0.72,0.23
kiwano-melon-a-cornes,44,7.56,1.78,1.26
kiwi-dore,60,14.23,1.23,0.56
kiwi-vert,61,14.66,1.14,0.52
kumquat,71,15.9,1.88,0.86
mangue,60,14.98,0.82,0.38
melon-cantaloup,34,8.16,0.84,0.19
melon-despagne,36,9.09,0.54,0.14
mures-16570,43,9.8,1.44,0.39
nectarine,44,10.55,1.06,0.32
orange,47,11.75,0.94,0.12
orange-avec-peau,63,15.5,1.3,0.3
peche,39,9.54,0.91,0.25
poire-bon-chretien-williams,63,15.01,0.39,0.16
raisin,69,18.1,0.72,0.16
raisin-damerique,67,17.15,0.63,0.35
raisin-muscat,57,13.93,0.81,0.47
zeste-dorange,97,25,1.5,0.2
zeste-de-citron,47,16,1.5,0.3
gateau-des-anges,258,57.8,5.9,0.8
tarte-aux-pommes,265,37.1,2.4,12.5
strudel-aux-pommes,274,41.1,3.3,11.2
tarte-aux-pommes-cuite-au-four-mcdonalds,323,43.62,3.07,15.66
tarte-a-la-creme-de-banane,269,32.9,4.4,13.6
tarte-aux-myrtilles,245,33.5,2.7,11.9
quatre-quarts,388,48.8,5.5,19.9
gateau-au-fromage-et-au-cafe,339,44.3,7,15.2
cheesecake,321,25.5,5.5,22.5
tarte-aux-cerises,270,38.5,2.8,12.2
gateau-au-chocolat-avec-glacage-au-chocolat,389,52.84,3.48,20.05
gateau-au-chocolat,371,53.4,5.3,15.1
tarte-a-la-creme-au-chocolat,304,33.6,2.6,19.4
gateau-au-cafe-a-la-cannelle,418,46.7,6.8,23.3
gateau-de-mais,387,83.4,8.1,2.4
gateau-au-cafe-avec-glacage-au-chocolat,331,53.8,5,10.8
patisserie-danoise-au-fromage,388,31.53,6.41,27.06
patisserie-danoise-a-la-cannelle,397,53.24,5.46,19
patisserie-danoise-aux-fruits,356,47.94,5.06,16.95
patisserie-danoise-aux-noix,430,45.7,7.1,25.2
creme-aux-oeufs,104,11,5.02,4.58
chausson-aux-fruits,316,42.6,3,16.1
gateau-au-cafe-aux-fruits,311,51.5,5.2,10.2
gateau-aux-fruits,324,61.6,2.9,9.1
tarte-au-citron-meringuee,285,39.1,3.8,12.9
mince-pie-tartelette-sucree,289,48,2.6,10.8
tarte-aux-peches,223,32.9,1.9,10
tarte-aux-noix-de-pecan,412,52.2,4.9,22.2
pate-a-tarte-au-chocolat,484,64.48,6.08,22.42
pate-a-tarte-aux-graham-crackers,501,64.3,5.1,24.83
biscuits-chocolat-leader-price,474,70,6.3,18
gache-au-sucre-la-fournee-doree,349,52,7.3,12.5
tarte-aux-pommes-pasquier,235.8333,39.5,2.6667,10
amaretti-du-mattia-artisanal,307,57,8,18
speculoos-tradition-auchan,484,71.6,6.4,18.7
crepes-caramel-beurre-sale-paysan-breton,379,61,5.9,12
biscuit-lu-granola-l-original,496,62.4,7.2,24
gateau-poire-choco-kap,217.3913,37.6812,7.2464,4.3478
choco-magnesium-gerble,480,60,7,23
kakor-chokladflarn-ikea,506,61,5.2,26
cigarette-russe-delacre,547,63.9,3.8,30.4
le-petit-beurre-tablette-fourrage-au-lait-carrefour,160,12,6.3,26
madeleine-saint-michel,448,44,8,28
madeleine-stmichel,453,59,6,21
gateau-dore-avec-glacage-a-la-vanille,373,58.8,3.5,14.5
gateau-dore,361,53,5.3,14.6
gateau-dore-avec-glacage-au-chocolat,379,55.36,3.16,17.75
gateau-blanc-avec-glacage-a-la-noix-de-coco,356,63.2,4.4,10.3
gateau-blanc,357,57.2,5.4,12.4
tarte-a-la-creme-a-la-vanille,278,32.6,4.8,14.4
genoise-fourree,297,57.7,7.3,4.3
petit-gateau-au-chocolat,399,60.31,3.63,15.93
petite-genoise-fourree,374,64.03,3.47,11.54
shortcake,346,48.5,6.1,14.2
tarte-a-la-citrouille,204,26.4,4.5,9.3
quatre-quarts-16998,390,51.29,7.06,17.45
gateau-au-pop-corn,384,80.1,9.7,3.1
gateau-a-lananas,319,50.5,3.5,12.1
pate-a-tarte,527,47.5,6.4,34.6
tarte-danoise-aux-pommes,290,44.54,2.17,11.5
pate-a-tarte-aux-gaufrettes-a-la-vanille,531,50.2,3.7,36.2
beurre-damande,614,18.82,20.96,55.5
huile-de-foie-de-morue,902,0,0,100
huile-de-coton,884,0,0,100
huile-de-cupuacu,884,0,0,100
huile-de-noisette,884,0,0,100
saindoux,902,0,0,100
saindoux-huile-vegetale,900,0,0,100
margarine-a-tartiner,424,0.86,0.2,47.53
margarine-salee,717,0.7,0.16,80.71
margarine,717,0.7,0.16,80.71
margarine-avec-yaourt,630,0.5,0.3,70
huile-dalose-tyran,902,0,0,100
huile-de-noix-de-muscade,884,0,0,100
huile-de-saumon,902,0,0,100
huile-de-sardine,902,0,0,100
beurre-de-sesame,586,24.05,18.08,50.87
matiere-grasse,884,0,0,100
beurre-de-graines-de-tournesol,617,23.32,17.28,55.2
beurre-ducuuba,884,0,0,100
margarine-au-soja,628,1.53,0.26,70.22
huile-vegetale-a-tartiner,533,0.86,0.17,59.81
huile-vegetale-a-tartiner-0,43,2.5,1.5,3
beurre-beurre-envia,749,0.6,1.1,82.5
pate-damande,458,47.81,9,27.74
chocolat-patissier,501,29.84,12.9,52.31
levure-chimique,53,27.7,0,0
bicarbonate-de-soude,0,0,0,0
glacage-au-chocolat,397,63.2,1.1,17.6
creme-de-tartre,258,61.5,0,0
substitut-doeuf,48,2,10,0
substitut-doeuf-en-poudre,444,21.8,55.5,13
blanc-doeuf-deshydrate,376,4.47,82.4,0.04
blanc-doeuf-cru,52,0.73,10.9,0.17
oeuf-au-plat,196,0.83,13.61,14.84
oeuf-a-la-coque,155,1.12,12.58,10.61
oeuf-deshydrate,605,1.53,48.37,43.04
oeuf-cru,143,0.72,12.56,9.51
jaune-doeuf-deshydrate,679,2.1,33.73,58.13
jaune-doeuf-cru,322,3.59,15.86,26.54
fondant,373,93.18,0,0.02
gelatine-en-poudre,335,0,85.6,0.1
garniture-a-lananas,253,66.4,0.1,0.1
melange-pour-popover,371,71,10.4,4.3
garniture-a-la-fraise,254,66.3,0.2,0.1
sucre-de-canne,399,99.8,0,0
sucre-roux,380,98.09,0.12,0
sucre-cristallise,387,99.98,0,0
sucre-derable,354,90.9,0.1,0.2
sucre-blanc,389,99.77,0,0
sirop-dagave,310,76.37,0.09,0.45
edulcorant-a-laspartame,365,89.08,2.17,0
fructose,368,100,0,0
edulcorant-a-la-saccharine,360,89.11,0.94,0
sucre-de-coco-comptoirs-et-compagnies,372,92,1,0
cacao-van-houten,366.6667,8.6667,20,20.6667
sucre-discunt,400,100,0,0
levure-boulangere,105,18.1,8.4,1.9
levure-boulangere-seche,325,41.22,40.44,7.61
glace-royale-en-poudre,371,94.9,2.3,0
extrait-de-vanille,288,12.65,0.06,0.06
glacage-a-la-vanille,418,67.89,0,16.23
perles-de-tapioca,358,88.69,0.19,0.02
edulcorant-splenda,336,91.17,0,0
beurre-leger,717,0.06,0.85,81.11
huile-de-beurre,876,0,0.28,99.48
beurre,717,0.06,0.85,81.11
creme,292,2.96,2.17,30.91
creme-0,59,9,2.6,1.4
creme-fouettee,257,12.49,3.2,22.22
lait-en-poudre-allege,354,51.8,35.5,0.2
lait-en-poudre,496,38.42,26.32,26.71
lait-allege-en-matieres-grasses-17085,77,12.08,3.05,1.83
lait-de-brebis,108,5.36,5.98,7
creme-sure,208,6.63,2.4,19.52
creme-sure-0,74,15.6,3.1,0
creme-sure-legere,138,7.1,3.5,10.6
creme-sure-allegee-en-matieres-grasses,181,7,7,14.1
petit-lait-en-poudre,339,73.45,11.73,0.54
petit-lait-liquide,24,5.12,0.76,0.09
babeurre-doux-en-poudre,353,74.46,12.93,1.07
babeurre-doux-liquide,27,5.14,0.85,0.36
lait-de-chevre,69,4.45,3.56,4.14
yaourt-veloute-nature-danone,71.2,6.08,4.48,3.52
lait-demi-ecreme-leader-price,46,4.8,3.5,1.5
lait-demi-ecreme-de-montagne-carrefour,46,4.8,3.2,1.6
creme-legere-semis-epaisse-12-milsani-aldi,144,6,2.9,12
lait-soja-noisette-alpro,29,3.1,0.4,1.6
lait-de-soja-au-calcium-bio-village,51,4.3,3.7,2
lait-ecreme-auchan,32,4.8,3.2,0
yaourt-a-boire-actimel-gout-myrtille,74,12.8,2.7,1.6
lait-ecreme-monoprix,34,5,3.4,0
lait-u-bio-burger-king,33,4.8,3.2,0.1
lait-everyday-a-la-fraise-everyday,35,7,1.9,0
feuilles-damarante,23,4.02,2.46,0.33
marante,99,20.23,5.33,0.29
arrow-root,65,13.39,4.24,0.2
artichaut-cuit,53,11.95,2.89,0.34
artichaut-cru,47,10.51,3.27,0.15
asperge-cuite,22,4.11,2.4,0.22
asperge-crue,20,3.88,2.2,0.12
avocat,160,8.53,2,14.66
mini-carottes,35,8.24,0.64,0.13
pousses-de-bambou-cuites,12,1.92,1.53,0.22
pousses-de-bambou-crues,27,5.2,2.6,0.3
piment-banane,27,5.35,1.66,0.45
feuilles-de-betteraves-cuites,27,5.46,2.57,0.2
feuilles-de-betteraves-crues,22,4.33,2.2,0.13
betteraves-cuites,44,9.96,1.68,0.18
betteraves-crues,43,9.56,1.61,0.17
brocoli-rave-cuit,33,3.12,3.83,0.52
brocoli-rave-cru,22,2.85,3.17,0.49
brocoli-cuit,35,7.18,2.38,0.41
brocoli-cru,34,6.64,2.82,0.37
choux-de-bruxelles-cuits,36,7.1,2.55,0.5
choux-de-bruxelles-crus,43,8.95,3.38,0.3
racine-de-bardane-cuite,88,21.15,2.09,0.14
racine-de-bardane-crue,72,17.34,1.53,0.15
chou-cuit,23,5.51,1.27,0.06
chou-japonais,30,5.67,1.6,0.1
chou-moutarde,28,5.63,1.1,0.1
chou-napa-cuit,12,2.23,1.1,0.17
chou-cru,25,5.8,1.28,0.1
chou-rouge-cuit,29,6.94,1.51,0.09
macedoine-de-legumes-franprix,138,5.5,2.5,11
legumes-haricot-beurre-super-u,39,3,2,1.1
soupe-ligne-knorr,20,3.4,0.9,0.4
courgette-en-rondelles-carrefour,19,1.7,1.8,0
v8-low-sodium-campbells,22.4359,4.4872,0.641,0
petit-pois-carotte-leclerc,50,7,2.8,0
mini-courgettes,21,3.11,2.71,0.4
courgettes-cuites,15,2.69,1.14,0.36
courgettes-crues,17,3.11,1.21,0.32
patate-douce-cuite,114,26.99,1.49,0.14
patate-douce-crue-17731,118,27.88,1.53,0.17
pois-patate,38,8.82,0.72,0.09
chou-caraibes,98,23.63,1.46,0.4
chicoree-witloof,17,4,0.9,0.1
cresson,11,1.29,2.3,0.1
macedoine-de-legumes-cuits,60,13.09,2.86,0.15
fanes-de-navets-crues,32,7.13,1.5,0.3
navets-cuits,22,5.06,0.71,0.08
navets-crus,28,6.43,0.9,0.1
fanes-de-navets-cuites,20,4.36,1.14,0.23
fougere-arborescente-cuite,40,10.78,0.29,0.07
compotee-de-tomates,79,13.05,1.96,2.68
tomate-cuite,18,4.01,0.95,0.11
tomates-sechees,258,55.76,14.11,2.97
tomate-jaune,15,2.98,0.98,0.26
tomate-verte,23,5.1,1.2,0.2
tomate-orange,16,3.18,1.16,0.19
tomatilles,32,5.84,0.96,1.02
taro-cuit,142,34.6,0.52,0.11
feuilles-de-taro-cuites,24,3.89,2.72,0.41
agar-agar,26,6.75,0.54,0.03
algue-nori,35,5.11,5.81,0.28
algue-sechee,259,46.24,15.34,1.39
aubergine-crue,25,5.88,0.98,0.18
aubergine-cuite,33,8.14,0.83,0.23
bette-crue,19,3.74,1.8,0.2
bette-cuite,20,4.13,1.88,0.08
cactus-nopal-cru,16,3.33,1.32,0.09
cactus-nopal-cuit,15,3.28,1.35,0.05
cardon-cru,17,4.07,0.7,0.1
cardon-cuit,20,4.74,0.76,0.11
carottes-crues,41,9.58,0.93,0.24
carottes-cuites,35,8.22,0.76,0.18
celeri-rave-cru,42,9.2,1.5,0.3
celeri-rave-cuit,27,5.9,0.96,0.19
celeri-cru,16,2.97,0.69,0.17
celeri-cuit,18,4,0.83,0.16
chenopode-blanc-cru,47,6.96,4.21,0.28
chenopode-blanc-cuit,32,5,3.2,0.7
chou-cavalier-cru,32,5.42,3.02,0.61
chou-cavalier-cuit,33,5.65,2.71,0.72
chou-de-savoie-cru,27,6.1,2,0.1
chou-de-savoie-cuit,24,5.41,1.8,0.09
chou-frise-decosse-cru,42,8.32,2.8,0.6
chou-frise-decosse-cuit,28,5.62,1.9,0.41
chou-frise-cru,49,8.75,4.28,0.93
chou-frise-cuit,28,5.63,1.9,0.4
chou-pak-choi-cuit,12,1.78,1.56,0.16
chou-pak-hoi-cru,13,2.18,1.5,0.2
chou-pe-tsai-cru,16,3.23,1.2,0.2
chou-pe-tsai-cuit,14,2.41,1.5,0.17
chou-romanesco-cru,31,6.09,2.95,0.3
chou-romanesco-cuit,32,6.28,3.04,0.31
chou-rouge-cru,31,7.37,1.43,0.16
chou-fleur-cru,25,4.97,1.92,0.28
chou-fleur-cuit,23,4.11,1.84,0.45
chou-puant,19,3.14,2.6,0.2
chou-rave-cru,27,6.2,1.7,0.1
chou-rave-cuit,29,6.69,1.8,0.11
chrysantheme-cru,24,3.02,3.36,0.56
chrysantheme-cuit,20,4.31,1.64,0.09
citronnelle,99,25.31,1.82,0.49
citrouille-crue,26,6.5,1,0.1
citrouille-cuite,18,4.31,0.72,0.07
concombre,15,3.63,0.65,0.11
concombre-pele,12,2.16,0.59,0.16
cornichons-aigres,11,2.26,0.33,0.2
cornichons-chow-chow,121,26.64,1.5,0.9
cornichons-doux,91,21.15,0.58,0.41
cornichons-marines-a-laneth,12,2.59,0.6,0.14
courge-butternut-crue,45,11.69,1,0.1
courge-butternut-cuite,40,10.49,0.9,0.09
courge-crookneck-crue,19,3.88,1.01,0.27
courge-crookneck-cuite,19,3.79,1.04,0.39
courge-dete-crue,16,3.35,1.21,0.18
courge-dete-cuite,20,4.31,0.91,0.31
courge-dhiver-crue,34,8.59,0.95,0.13
courge-dhiver-cuite,37,8.85,0.89,0.35
courge-hubbard-crue,40,8.7,2,0.5
courge-hubbard-cuite,30,6.46,1.48,0.37
courge-musquee-cuite,16,3.22,0.31,0.15
courge-poivree-crue,40,10.42,0.8,0.1
courge-poivree-cuite,56,14.58,1.12,0.14
courge-spaghetti-crue,31,6.91,0.64,0.57
courge-spaghetti-cuite,27,6.46,0.66,0.26
echalote-crue,72,16.8,2.5,0.1
echalotes-sechees,348,80.7,12.3,0.5
endive,17,3.35,1.25,0.2
epinard-cru,23,3.63,2.86,0.39
epinard-cuit,23,3.75,2.97,0.26
epinards-de-nouvelle-zelande-crus,14,2.5,1.5,0.2
epinards-de-nouvelle-zelande-cuits,12,2.13,1.3,0.17
fenouil,31,7.3,1.24,0.2
feuilles-de-chicoree,23,4.7,1.7,0.3
feuilles-de-citrouille-crues,19,2.33,3.15,0.4
feuilles-de-citrouille-cuites,21,3.39,2.72,0.22
feuilles-de-moringa-cuites,60,11.15,5.27,0.93
feuilles-de-moringa-fraiches,64,8.28,9.4,1.4
feuilles-de-patate-douce-crues,42,8.82,2.49,0.51
feuilles-de-patate-douce-cuites,35,7.38,2.18,0.34
feuilles-de-taro-crues,42,6.7,4.98,0.74
feuilles-de-vigne,93,17.31,5.6,2.12
fleur-de-sesbania-crue,27,6.73,1.28,0.04
fleur-de-sesbania-cuite,21,5.1,1.14,0.05
fleurs-de-citrouille-crues,15,3.28,1.03,0.07
fleurs-de-citrouille-cuites,15,3.3,1.09,0.08
germes-de-haricot-blanc-crues,67,13.05,6.15,0.7
gombo,33,7.45,1.93,0.19
gombo-cuit,22,4.51,1.87,0.21
gourde-crue,20,4.35,1.2,0.2
gourde-cuite,54,13.75,0.66,0.34
graines-de-moutarde-crues,27,4.67,2.86,0.42
graines-de-moutarde-cuites,26,4.51,2.56,0.47
graines-de-radis-germees,43,3.6,3.81,2.53
grande-ortie,42,7.49,2.71,0.11
igname-de-chine-cru,67,16.3,1.34,0.1
igname-de-chine-cuit,82,19.99,1.73,0.08
jute-cru,34,5.8,4.65,0.25
jute-cuit,37,7.29,3.68,0.2
kanpy-seche,258,65.03,8.58,0.56
laitue-romaine-15937,17,3.29,1.23,0.3
laitue-rouge,16,2.26,1.33,0.22
lentilles-germees,106,22.14,8.96,0.55
liserons-deau,20,3.71,2.08,0.24
mais-blanc-cru,365,74.26,9.42,4.74
mais-blanc-cuit,97,21.71,3.34,1.41
mais-doux-blanc,86,19.02,3.22,1.18
mais-doux-jaune,79,19.44,2.41,0.5
mais-jaune-cru,365,74.26,9.42,4.74
mais-cru,86,18.7,3.27,1.35
mais-cuit,96,20.98,3.41,1.5
mais-seche,419,66.27,14.48,10.64
manioc,160,38.06,1.36,0.28
mousse-dirlande,49,12.29,1.51,0.16
moutarde-epinard-crue,22,3.9,2.2,0.3
moutarde-epinard-cuite,16,2.8,1.7,0.2
navets-des-prairies-bouillis,129,29.99,1.64,0.32
navets-des-prairies-crus,156,35.67,2.62,0.36
oignon-cebette,32,7.34,1.83,0.19
oignon-doux,32,7.55,0.8,0.08
oignon-cru,40,9.34,1.1,0.1
oignon-cuit,42,9.56,1.36,0.19
olives,115,6.26,0.84,10.68
olives-vertes-marinees,145,3.84,1.03,15.32
oseille-de-guinee,49,11.31,0.96,0.64
panais-crus,75,17.99,1.2,0.3
panais-cuits,71,17.01,1.32,0.3
patate-douce-crue,86,20.12,1.57,0.05
patate-douce-cuite-au-four,92,20.71,2.01,0.15
patisson-cru,18,3.84,1.2,0.2
patisson-cuit,16,3.3,1.03,0.17
petits-pois-carottes-cuits,48,10.12,3.09,0.42
petits-pois-oignons-cuits,45,8.63,2.54,0.2
petits-pois-casses-crus,341,60.37,24.55,1.16
petits-pois-casses-cuits,116,20.51,8.34,0.39
petits-pois-crus,81,14.45,5.42,0.4
petits-pois-cuits,84,15.63,5.36,0.22
piment-fort-seche,324,69.86,10.58,5.81
piment-hongrois,29,6.7,0.8,0.41
piment-jalapeno,29,6.5,0.91,0.37
piment-serrano,32,6.7,1.74,0.44
piment-vert,40,9.46,2,0.2
piments-rouges,40,8.81,1.87,0.44
poi,112,27.23,0.38,0.14
poireaux-crus,61,14.15,1.5,0.3
poireaux-cuits,31,7.62,0.81,0.2
poireaux-seches,321,74.65,15.2,2.1
poivrons-jaunes,27,6.32,1,0.21
poivrons-rouges-crus,31,6.03,0.99,0.3
poivrons-rouges-cuits,26,6.11,0.92,0.2
poivrons-verts-crus,20,4.64,0.86,0.17
poivrons-verts-cuits,26,6.11,0.92,0.2
pourpier-cru,20,3.39,2.03,0.36
pourpier-cuit,18,3.55,1.49,0.19
pousses-de-haricots-mungo-crues,30,5.94,3.04,0.18
pousses-de-haricots-mungo-cuites,19,3.6,2.03,0.09
pupusas-aux-haricots-rouges,229,31.49,5.59,9.01
racines-de-chicoree,72,17.51,1.4,0.2
racines-de-lotus-crues,74,17.23,2.6,0.1
racines-de-lotus-cuites,66,16.02,1.58,0.07
racines-de-taro-crues,11,2.32,0.92,0.09
racines-de-taro-cuites,14,3.19,0.73,0.08
radis-dhiver,14,2.63,1.1,0.1
radis-orientaux-crus,18,4.1,0.6,0.1
radis-orientaux-cuits,17,3.43,0.67,0.24
radis-orientaux-seches,271,63.37,7.9,0.72
radis-crus,16,3.4,0.68,0.1
radis-marines,28,5.2,1.1,0.3
rhubarbe-crue,21,4.54,0.9,0.2
rhubarbe-cuite,116,31.2,0.39,0.05
rutabaga-cru,37,8.62,1.08,0.16
rutabaga-cuit,30,6.84,0.93,0.18
salade-verte,15,2.87,1.36,0.15
salsifi-cru,82,18.6,3.3,0.2
salsifi-cuit,68,15.36,2.73,0.17
spiruline-sechee,290,23.9,57.47,7.72
taro-de-tahiti-cru,44,6.91,2.79,0.97
taro-de-tahiti-cuit,44,6.85,4.16,0.68
taro-cru,112,26.46,1.5,0.2
tiges-de-moringa-crues,37,8.53,2.1,0.2
tiges-de-moringa-cuites,36,8.18,2.09,0.19
topinambours,73,17.44,2,0.01
trevise,23,4.48,1.43,0.25
varech,43,9.57,1.68,0.56
wakame,45,9.14,3.03,0.64
haricots-rouges-du-japon-cuits,128,24.77,7.52,0.1
haricots-rouges-du-japon-crus,329,62.9,19.87,0.53
ykan,260,60.72,3.29,0.12
haricots-blancs-cuits,105,19.45,6.65,0.3
haricots-blancs-a-la-sauce-tomate-en-conserve,94,21.14,4.75,0.37
haricots-blancs-en-conserve,114,21.2,7.26,0.29
haricots-blancs-crus,333,60.27,23.36,0.85
haricots-blancs-cuits-15511,139,25.09,9.73,0.35
haricots-beurre-cuits,144,25.27,9.16,1.08
haricots-beurre-crus,345,60.7,22,2.6
haricots-noirs-cuits,132,23.71,8.86,0.54
haricots-noirs-crus,341,62.36,21.6,1.42
haricots-tortue-cuits,130,24.35,8.18,0.35
haricots-tortue-crus,339,63.25,21.25,0.9
feves-en-conserve,71,12.41,5.47,0.22
feves-cuites,110,19.65,7.6,0.4
feves-crues,341,58.29,26.12,1.53
caroube,540,56.29,8.15,31.36
pois-chiches-en-conserve,139,22.53,7.05,2.77
pois-chiches-crus,364,60.65,19.3,6.04
pois-chiches-cuits,164,27.42,8.86,2.59
haricots-cornille-cuits,94,19.73,3.17,0.38
haricots-cornille-crus,90,18.83,2.95,0.35
doliques-monguette-cuites,117,20.32,8.13,0.71
doliques-monguette-crues,343,59.64,23.85,2.07
haricots-en-conserve,77,13.63,4.74,0.55
niebe-cuit,116,20.76,7.73,0.53
niebe-cru,44,9.5,3.3,0.3
haricots-canneberge-en-conserve,83,15.12,5.54,0.28
haricots-canneberge-cuits,136,24.46,9.34,0.46
haricots-blancs-saint-eloi,72,8.4,5.7,0.4
flageolets-carrefour,83,12,4.8,0.6
soupe-poulet-thai-covent-garden,45,3.3,1.7,2.4
doliques-asperge-cuites,118,21.09,8.29,0.45
doliques-asperge-crues,347,61.91,24.33,1.31
pois-carres-cuits,147,14.94,10.62,5.84
pois-carres-crus,409,41.71,29.65,16.32
tamarins,239,62.5,2.8,0.6
haricots-mange-tout-beurre-cuits,35,7.88,1.89,0.28
haricots-mange-tout-beurre-crus,31,7.13,1.82,0.12
haricots-mange-tout-en-conserve,15,3.5,0.8,0.1
haricots-mange-tout-cuits,35,7.88,1.89,0.28
haricots-mange-tout-crus,31,6.97,1.83,0.22
haricots-mange-tout-beurre-en-conserve,15,3.5,0.8,0.1
haricots-arrives-a-maturite-en-conserve,30,6.19,1.76,0.19
haricots-pinto-crus,347,62.55,21.42,1.23
haricots-roses-cuits,149,27.91,9.06,0.49
haricots-roses-crus,343,64.19,20.96,1.13
haricots-pinto-en-conserve,82,15.18,4.6,0.56
haricots-pinto-cuits,143,26.22,9.01,0.65
pois-dangole-cuits,121,23.25,6.76,0.38
pois-dangole-crus,343,62.78,21.7,1.49
petits-haricots-blancs-cuits,140,26.05,8.23,0.62
petits-haricots-blancs-crus,337,60.75,22.33,1.5
petits-haricots-blancs-en-conserve,113,20.45,7.53,0.43
haricots-mungo-cuits,105,19.15,7.02,0.38
haricots-mungo-cuits-16577,105,18.34,7.54,0.55
haricots-mungo-crus,341,58.99,25.21,1.64
haricots-mats-cuits,117,20.96,7.81,0.55
haricots-mats-crus,343,61.52,22.94,1.61
doliques-pourpres-crues,344,60.74,23.9,1.69
doliques-pourpres-cuites,117,20.7,8.14,0.58
feves-edamame-cuites,122,9.94,10.88,5.2
haricots-canneberge-crus,335,60.05,23.03,1.23
haricots-de-lima-crus,338,63.38,21.46,0.69
haricots-de-lima-cuits,115,20.88,7.8,0.38
haricots-de-lima-en-conserve,79,14.91,4.93,0.17
haricots-verts-crus,343,64.11,18.81,2.02
haricots-verts-cuits,36,4.99,2.35,0.23
lentilles-corail-cuites,77,9.5,6.8,0.4
lentilles-crues,353,60.08,25.8,1.06
lentilles-cuites,114,19.54,9.02,0.38
cereales-au-son-de-ble,320,80.4,9.4,2.2
cereales-a-lamarante,353,71.15,15.54,7
corn-flakes,399,88.8,7.7,0.3
semoule-de-mais-cuite,71,14.76,1.71,0.46
semoule-de-mais-crue,370,79.09,7.65,1.75
cereales-aux-noix,408,76.98,6.64,9.82
granola,489,53.25,14.85,24.06
muesli-aux-fruits-et-aux-noix,340,77.8,9.7,4.9
special-muesli-30-fruits-et-noix-jordans,377,58.2,9.6,9.7
flocons-d-avoine-auchan,364,56.2,11,7.9
flocons-davoine-quaker,375,60,11,8
muesli-de-luxe-jordans,166,26.6,4.1,3.9
flocons-davoine-complet-bio-terres-et-cereals,366,58.7,12.5,6.6
crousti-avoine-chocolat-bio-bjorg,440,68.9,8.8,13.2
flakes-terres-et-ceraales-bio,350,64.25,12.25,2.75
muesli-seigle-et-praline-terres-et-cereals,439,63.8,6.1,16
glands-seches,509,53.66,8.1,31.41
gland-cru,387,40.75,6.15,23.86
graines-de-luzerne,23,2.1,3.99,0.69
amandes-crues,575,21.67,21.22,49.42
amandes-grillees,607,17.68,21.23,55.17
graines-danis,337,50.02,17.6,15.9
faines-sechees,576,33.5,6.2,50
noix-du-bresil-sechee,656,12.27,14.32,66.43
graines-de-fruit-a-pain,191,29.24,7.4,5.59
noix-sechees,612,12.05,24.9,56.98
graines-de-carvi,333,49.9,19.77,14.59
noix-de-cajou-grillees,581,30.16,16.84,47.77
graines-de-celeri,392,41.35,18.07,25.27
chataignes-deau-grillees,239,52.36,4.48,1.19
chataignes-cuites,131,27.76,2,1.38
chataignes-crues,213,45.54,2.42,2.26
chataignes-grillees,245,52.96,3.17,2.2
chataignes-japonaises-grillees,201,45.13,2.97,0.8
graines-de-chia-sechees,486,42.12,16.54,30.74
graines-de-cumin,375,44.24,17.81,22.27
graines-daneth,305,55.17,15.98,14.54
graines-de-fenouil,345,52.29,15.8,14.87
graines-de-fenugrec,323,58.35,23,6.41
noix-de-ginkgo-en-conserve,111,22.1,2.29,1.62
noix-de-ginkgo-sechees,348,72.45,10.35,2
noix-de-ginkgo-crues,182,37.6,4.32,1.68
noisettes-crues,628,16.7,14.95,60.75
noisettes-blanchies,629,17,13.7,61.15
noisettes-grillees,646,17.6,15.03,62.4
noix-de-carya-sechees,657,18.25,12.72,64.37
barre-genereuse-amandes-grillees-et-chocolat-extra,521,14,12,33
graines-de-nenuphar-sechees,361,80.02,7.9,1.07
chataignes-deau-en-conserve,50,12.3,0.88,0.06
graines-de-pasteque-sechees,557,15.31,28.33,47.37
chataigne-deau-crue,97,23.94,1.4,0.1
noix-de-noyer-noir-sechee,618,9.91,24.06,59
noix,654,13.71,15.23,65.21
graines-de-tournesol-sechees,584,20,20.78,51.46
graines-de-tournesol-grillees-a-sec,582,24.07,19.33,49.8
graines-de-tournesol-grillees,619,20.59,17.21,56.8
graines-de-sysimbre,318,58.26,12.14,4.6
graines-de-sesame-sechees,573,23.45,17.73,49.67
graines-de-sesame-grillees,565,25.74,16.96,48
graines-de-noix-pain-sechees,367,79.39,8.62,1.68
graines-de-noix-pain-crues,217,46.28,5.97,0.99
graines-de-lin,534,28.88,18.29,42.16
graines-de-carthame-sechees,517,34.29,16.18,38.45
graines-de-citrouille-de-courge-sechees,559,10.71,30.23,49.05
graines-de-citrouille-de-courge-grillees,574,14.71,29.84,49.05
graines-de-pavot,525,28.13,17.99,41.56
pistaches-grillees,564,28.66,20.95,44.82
pistaches-crues,562,27.51,20.27,45.39
pignons-seches-16826,629,19.3,11.57,60.98
noix-de-pecan-crues,691,13.86,9.17,71.97
noix-de-pecan-grillees,715,13.01,9.2,75.23
pectine,325,90.4,0.3,0.3
cacahuetes-de-virginie-crues,563,16.54,25.19,48.75
cacahuetes-crues,567,16.13,25.8,49.24
arachides-grillees,579,17.45,28.01,49.04
arachides,570,15.82,26.15,49.6
arachides-de-valence-grillees,589,16.3,27.04,51.24
cacahuetes-de-valence-crues,570,20.91,25.09,47.58
cacahuetes-de-virginie-grillees,578,19.86,25.87,48.62
cacahuetes-cuites,318,21.26,13.5,22.01
cacahuetes-grillees,599,15.26,28.03,52.5
graines-de-lotus-crues,89,17.28,4.13,0.53
graines-de-lotus-sechees,332,64.47,15.41,1.97
graines-de-moutarde-moulues,508,28.09,26.08,36.24
lupins-crus,371,40.37,36.17,9.74
lupins-cuits,116,9.29,15.57,2.92
melange-de-noix-grillees,594,25.35,17.3,51.45
noix-de-cajou-crues,553,30.19,18.22,43.85
noix-de-macadamia-crues,718,13.82,7.91,75.77
noix-de-macadamia-grillees,716,12.83,7.79,76.08
noix-de-pili-sechees,719,3.98,10.8,79.55
pignons-seches,673,13.08,13.69,68.37
nappage-a-la-cacahuete-mcdonalds,640,16.23,28.04,52.91
fromage-fondu-americain,290,8.73,16.41,21.23
beurre-de-pommes,173,42.47,0.39,0.3
fromage-a-tartiner,295,3.5,7.1,28.6
poulet-a-tartiner,158,4.05,18.01,17.56
pate-a-tartiner-chocolat-noisettes,541,62.16,5.41,29.73
fromage-a-tartiner-avec-jambon,245,2.28,16.18,18.53
miel,304,82.4,0.3,0
confiture-dabricots,242,64.4,0.7,0.2
confiture-aux-fruits,278,68.86,0.37,0.07
marmelade-doranges,246,66.3,0.3,0
beurre-de-cacahuetes,529,46.88,18.3,29.8
beurre-de-cacahuetes-avec-morceaux,589,21.57,24.06,49.94
beurre-darachide,650,14.23,24.8,54.89
beurre-de-sesame-17246,570,26.19,17.81,48
marmelade-oranges-amers-bonnes-mamans,239,59,0.3,0.1
pate-a-tartiner-noisettes-monoprix,538,57,5.7,31
beurre-de-cacahuete-crunchy-myproteine,579,12,30,46
macaronis-cuits,158,30.86,5.8,0.93
macaronis-crus,371,74.67,13.04,1.51
macaronis-vegetariens-cuits,128,26.61,4.53,0.11
macaronis-vegetariens-seches,367,74.88,13.14,1.04
macaronis-au-ble-entier-cuits,124,26.54,5.33,0.54
macaronis-au-ble-entier-seches,348,75.03,14.63,1.4
nouilles-chinoises,351,86.09,0.16,0.06
nouilles-chow-mein,459,67.02,10.58,17.64
nouilles-aux-oeufs-cuites,138,25.16,4.54,2.07
nouilles-aux-oeufs-sechees,384,71.27,14.16,4.44
nouilles-aux-oeufs-avec-epinards-sechees,382,70.32,14.61,4.55
nouilles-soba-a-la-japonaise-cuites,99,21.44,5.06,0.1
nouilles-soba-a-la-japonaise-sechees,336,74.62,14.38,0.71
nouilles-smen-a-la-japonaise-cuites,131,27.54,4,0.18
nouilles-smen-a-la-japonaise-sechees,356,74.1,11.35,0.81
pates-au-mais-sechees,357,79.26,7.46,2.08
pates-cuites,131,24.93,5.15,1.05
nouilles-au-riz-cuites,109,24.9,0.91,0.2
nouilles-au-riz-sechees,364,83.24,3.44,0.56
spaghetti-cuits,157,30.59,5.8,0.93
spaghetti-seches,371,74.67,13.04,1.51
spaghetti-aux-epinards-cuits,372,74.81,13.35,1.57
spaghetti-au-ble-complet-cuits,124,26.54,5.33,0.54
spaghetti-au-ble-complet-seches,348,75.03,14.63,1.4
triangoli-aux-legumes-auchan,285,33.4,7.8,12.6
noodles-orientales-saveur-poulet-leader-price,110,15,3,4
nouilles-asiatiques-poulet-legumes-leader-price,109,12,7.8,2.8
chapelure,395,71.98,13.35,5.3
gaufre-au-babeurre,309,48.39,7.42,9.49
croutons,407,73.5,11.9,6.6
croutons-assaisonnes,465,63.5,10.8,18.3
beignet-au-chocolat,417,57.4,4.5,19.9
beignet-enrobe-de-chocolat,452,51.33,4.93,25.25
beignet,426,50.8,5.2,22.9
beignet-de-pate-a-choux,412,59.5,3.1,18.3
beignet-nappe,421,47.93,6.14,22.7
beignet-fourre-a-la-creme,361,30,6.4,24.5
beignet-fourre-a-la-confiture,340,39,5.9,18.7
eclair,262,24.2,6.4,15.7
cupcake,467,53.16,6.81,25.24
muffin-aux-myrtilles,377,53.98,4.54,15.85
muffin-au-mais,305,50.9,5.9,8.4
muffin-au-son-davoine,270,48.3,7,7.4
muffin,296,41.4,6.9,11.4
crepes,227,28.3,6.4,9.7
crepes-au-ble-complet,208,29.4,8.5,6.5
pate-feuilletee,558,45.7,7.4,38.5
rouleaux-au-fromage-a-la-creme,360,43.7,7.1,18.3
rouleaux-a-la-cannelle,372,50.9,6.2,16.4
tortilla-pour-tacos,474,64.03,6.48,21.3
chausson-aux-fruits-a-toaster,409,72.7,4.7,11.03
chausson-a-la-cannelle-a-toaster,412,68.1,5.1,14.2
tortilla,237,49.94,7.28,0.95
tortilla-de-mais,218,44.64,5.7,2.85
tortilla-de-ble,297,49.27,8.01,7.58
gaufre,291,32.9,7.9,14.1
gaufre-toastee,312,49.29,7.19,9.61
gaufres-aux-oeufs-frais-eco,464,50.5,7.7,25.5
clafoutis-aux-cerises-monoprix,197.6471,29.4118,5.1765,6
english-muffins-ms,295,42,8.5,9.6
madeleine-st-michel,453,59,6,21
pepito-pepites-lu,443.3333,50,5,24
biscotte,426,74.2,10.1,9.7
brioche-chaude-a-la-cannelle-mcdonalds,398,53.02,7.18,18.14
arroz-con-abichuelas-riz-haricots,142,23.74,3.96,3.46
arroz-con-frijoles-riz-aux-haricots-noirs,151,24.4,4.64,3.85
arroz-con-gandules-riz-pois-dangole,182,30.75,3.5,4.98
bagel-jambon-oeuf-et-fromage,253,27.43,13.97,9.68
haricots-blancs-a-la-sauce-tomate,155,21.63,5.54,5.15
hachis-de-corned-beef-avec-pommes-de-terre,164,9.27,8.73,10.24
pain-brioche-avec-oeuf,274,23.46,8.53,16.23
pain-brioche-avec-oeuf-saucisse,312,21.05,11.13,20.77
pain-hamburger-avec-oeuf-steak-hache,277,14.37,12.12,19.21
pain-hamburger-avec-oeuf-bacon,305,19.06,11.33,20.73
pain-hamburger-avec-oeuf-jambon,230,16.37,10.64,14.08
pain-hamburger-avec-oeuf-fromage-bacon,301,24.44,12.01,17.48
pain-hamburger-avec-jambon,342,38.75,11.85,16.3
pain-hamburger-avec-saucisse,371,29.99,9.67,24.42
burrito-avec-haricots,206,32.92,6.48,6.22
burrito-avec-haricots-boeuf,191,19.52,11.52,7.47
burrito-avec-haricots-fromage,205,31.23,7.35,6.05
burrito-avec-haricots-fromage-boeuf,163,19.55,7.18,6.55
burrito-avec-boeuf,238,26.6,12.09,9.46
chow-mein-au-poulet,85,8.29,6.76,2.8
sandwich-au-poulet,283,21.26,13.25,16.18
sandwich-au-poulet-et-au-fromage,277,18.24,12.9,17
tourte-au-poulet,198,18.99,4.82,11.45
poulet-sauce-aigre-douce,250,23.86,10.1,12.65
chimichanga-au-boeuf,244,24.6,11.27,11.31
chimichanga-boeuf-fromage,242,21.49,10.96,12.81
riz-au-mais,378,86.85,6.06,1.08
epi-de-mais-au-beurre,106,21.88,3.06,2.35
tamal-papillote-a-la-pate-de-farine-de-mais,186,26.68,3.48,7.21
cake-au-crabe,266,8.52,18.75,17.25
salade-de-boulgour-au-poulet-et-houmous-carrefour,156,15,5.4,7.6
salade-pate-au-thon-sans-sauce-daunat,145,15.2188,7.6563,5.5313
salade-mexico-sodebo,164,20,5.6,6.6
salmon-and-prawns-curry-maison,140,3,9,10
tourte-aux-champignons-et-jambon-marque-repere,199,19.2,4.3,11.2
bouchee-a-la-reine,213,23,8,5
roti-de-porc-sauce-moutarde-bofrost,96.8889,7.7,12.2222,3.8222
tagliatelles-au-poulet-champignon-et-creme-weight-watchet,308,11,23,2.6
galette-epeautre-et-boulghour-aux-petits-legumes-cereal-bio,229,26,5.7,10
grill-vegetal-sojable-cereal,133,2.1,17,8.5
chili-con-carne,101,8.67,9.73,3.27
pates-won-ton,291,57.9,9.8,1.5
filets-vegetaux,290,9,23,18
tourte-a-la-dinde,176,17.7,6.5,8.8
dinde-en-sauce,67,4.61,5.88,2.63
tostada-avec-haricots-fromage,155,18.42,6.67,6.85
tostada-avec-boeuf-fromage,193,13.97,11.65,10.03
tostada-avec-guacamole,138,12.27,4.78,8.91
salade-taco-avec-chili-con-carne,111,10.18,6.67,5.03
taco-avec-boeuf-fromage-laitue,226,19.85,8.86,12.7
taco-avec-poulet-fromage-laitue,189,19.69,13.3,6.35
tamales-navajo,153,18.12,6.28,6.12
salade-taco,141,11.91,6.68,7.46
succotash,111,24.37,5.07,0.8
ragout-de-legumes,123,7,17,3
souffle-aux-epinards,169,5.9,7.89,12.95
quesadilla-au-poulet,294,24.04,15.05,15.25
pupusas-con-queso-tortillas-fourrees-au-fromage,256,22.39,11.72,13.25
tortillas-au-porc,232,23.02,11.51,10.43
emince-de-porc-sauce-barbecue,168,18.74,13.19,4.42
biscuits-a-la-cuillere,365,59.7,10.6,9.1
crepes-au-babeurre,227,28.7,6.8,9.3
crepes-aux-myrtilles,222,29,6.1,9.2
crepes-avec-beurre-sirop,224,39.18,3.56,6.03
croissant-au-beurre,406,45.8,8.2,21
croissant-au-fromage,414,47,9.2,20.9
croissant-aux-pommes,254,37.1,7.4,8.7
croissant-avec-oeuf-fromage,290,19.14,10.07,19.45
empanada-au-boeuf,335,31.19,11.31,18.37
enchilada-au-fromage,196,17.51,5.91,11.56
enchilada-au-fromage-boeuf,168,15.87,6.21,9.19
enchirito-au-fromage-boeuf-haricots,178,17.51,9.27,8.33
falafel,333,31.84,13.31,17.8
frijoles-au-fromage-haricots-frits,135,17.19,6.81,4.66
frites-16980,312,41.44,3.43,14.73
gefilte-fish-boulettes-de-poisson,84,7.41,9.07,1.73
gratin-de-pommes-de-terre,132,11.27,5.06,7.59
haricots-rouges-frits,144,15.47,5,6.93
houmous,177,20.12,4.86,8.59
hushpuppies-beignets-a-la-farine-de-mais,337,46,7.7,13.5
melange-aux-oeufs,555,23.97,35.6,34.5
muffin-anglais-au-beurre,300,48.19,7.73,9.14
muffin-anglais-avec-fromage-saucisse,338,25.28,13.28,20.67
muffin-anglais-avec-oeuf-fromage-saucisse,286,17.44,13.38,18.1
nachos-au-fromage,306,32.15,8.05,16.77
nachos-au-fromage-piments-jalapeno,298,29.45,8.24,16.74
nachos-au-sucre-et-a-la-cannelle,543,58.16,6.6,33.01
oeuf-poche,143,0.71,12.51,9.47
oeufs-brouilles,212,2.08,13.84,16.18
omelette,154,0.64,10.57,11.66
pain-perdu-au-beurre,264,26.7,7.66,13.9
pain-pique-nique,232,4.76,14.92,16.64
pate-imperial-nem,250,27.29,8.28,11.94
pate-imperial-au-porc-nem,222,29.5,9.94,7.17
pate-imperial-au-poulet-nem,197,28.54,10.44,4.51
pate-imperial-aux-legumes-nem,196,31.99,6.62,4.67
petit-pain-aux-oeufs,307,52,9.5,6.4
pomme-de-terre-au-four-a-la-creme-fraiche,130,16.56,2.21,7.39
pomme-de-terre-au-four-avec-sauce-au-fromage,160,15.71,4.94,9.71
pomme-de-terre-au-four-avec-sauce-au-fromage-bacon,151,14.86,6.16,8.66
porc-sauce-aigre-douce,270,23.34,8.91,15.66
poulet-au-citron,226,19.15,10.77,11.76
poulet-du-general-tao,295,23.99,12.9,16.36
poulet-kung-pao,129,6.87,9.76,6.98
riz-cantonnais,163,30.99,4.67,2.27
roule-jambon-fromage,241,4,13.6,18.7
sandwich-au-poulet-croustillant,278,26.36,11.72,13.93
sandwich-jambon-fromage,241,22.84,14.17,10.6
sandwich-jambon-fromage-oeuf,243,21.64,13.46,11.4
sandwich-oeuf-fromage,233,17.76,10.69,13.3
steak-a-la-mozzarella-pane,329,24.89,14.89,18.92
tamal-au-porc,174,15.75,7.35,9.04
anchois-crue,131,0,20.35,4.84
bar-cru,114,0,18.86,3.69
bar-cuit,146,0,24.18,4.73
tassergal-cuit,159,0,25.69,5.44
tassergal-cru,124,0,20.04,4.24
barbotte-cuite,115,0,24.76,1.04
barbotte-crue,90,0,19.31,0.81
stromatee-cuit,187,0,22.15,10.28
stromatee-cru,146,0,17.28,8.02
carpe-cuite,162,0,22.86,7.17
carpe-crue,127,0,17.83,5.6
poisson-chat-frit,229,8.04,18.09,13.33
poisson-chat-cuit,144,0,18.44,7.19
poisson-chat-cru,119,0,15.23,5.94
caviar,264,4,24.6,17.9
cisco-cru,98,0,18.99,1.91
cabillaud-cuit,105,0,22.83,0.86
cabillaud-cru,82,0,17.81,0.67
langoustine-cuite,87,0,17.52,1.3
langoustine-crue,72,0,14.85,0.97
tambour-bresilien-frit,221,7.54,18.2,12.67
tambour-bresilien-cru,104,0,17.78,3.17
lotte-de-riviere-cuite,112,0,24.35,0.88
lotte-de-riviere-crue,87,0,18.99,0.69
seiche-cuite,158,1.64,32.48,1.4
seiche-crue,79,0.82,16.24,0.7
viande-de-dauphin-cuite,109,0,23.72,0.9
viande-de-dauphin-crue,85,0,18.5,0.7
malachigan-cuit,153,0,22.49,6.32
malachigan-cru,119,0,17.54,4.93
caviar-de-courgettes-maayane,265,23,1.7,26.2
nuggets-colin-iglo,228.7234,18.8298,11.7021,11.7021
yakitori-saumon-japonais,116,2.7,10.9,6.9
seriole-cuite,187,0,29.67,6.72
seriole-crue,146,0,23.14,5.24
poisson-loup-cuit,123,0,22.44,3.06
poisson-loup-cru,96,0,17.5,2.39
merlan-cuit,116,0,23.48,1.69
merlan-cru,90,0,18.31,1.31
poisson-a-chair-blanche-cuit,172,0,24.47,7.51
poisson-a-chair-blanche-cru,134,0,19.09,5.86
thon-albacore-cuit,130,0,29.15,0.59
turbot-cuit,122,0,20.58,3.78
turbot-cru,95,0,16.05,2.95
salade-de-thon-rouge-cru,144,0,23.33,4.9
thon-albacore-cru,109,0,24.4,0.49
bonite-rayee-thon-cuite,132,0,28.21,1.29
truite-crue,148,0,20.77,6.61
truite-arc-en-ciel-cuite,168,0,23.8,7.38
truite-arc-en-ciel-crue,141,0,19.94,6.18
salade-de-thon,187,9.41,16.04,9.26
salade-de-thon-rouge-cuit,184,0,29.91,6.28
truite-cuite,190,0,26.63,8.47
tilapia-cru,96,0,20.08,1.7
dore-de-mer-cuit,147,0,24.49,4.69
dore-de-mer-cru,96,0,17.5,2.31
tilapia-cuit,128,0,26.15,2.65
espadon-cuit,172,0,23.45,7.93
espadon-cru,144,0,19.66,6.65
surimi,99,6.85,15.18,0.9
aiglefin-cru,74,0,16.32,0.45
aiglefin-cuit,90,0,19.99,0.55
alose-damerique-crue,197,0,16.93,13.77
alose-damerique-cuite,252,0,21.71,17.65
anguille-crue,184,0,18.44,11.66
anguille-cuite,236,0,23.65,14.95
bar-commun-cru,97,0,18.43,2
bar-commun-cuit,124,0,23.63,2.56
batonnets-de-poisson,290,9,23,18
brochet-cru,88,0,19.26,0.69
brochet-cuit,113,0,24.69,0.88
carangue-pompano-crue,164,0,18.48,9.47
carangue-pompano-cuite,211,0,23.69,12.14
charbonnier-cru,195,0,13.41,15.3
charbonnier-cuit,250,0,17.19,19.62
colin-cru,92,0,19.44,0.98
colin-cuit,118,0,24.92,1.26
crapet-soleil-cru,89,0,19.4,0.7
crapet-soleil-cuit,114,0,24.87,0.9
dore-jaune-cru,93,0,19.14,1.22
dore-jaune-cuit,119,0,24.54,1.56
eperlan-arc-en-ciel-cru,97,0,17.63,2.42
eperlan-arc-en-ciel-cuit,124,0,22.6,3.1
esturgeon-cru,105,0,16.14,4.04
esturgeon-cuit,135,0,20.7,5.18
filet-de-poisson-frit,232,16.97,14.66,12.29
flet-cru,70,0,12.41,1.93
flet-cuit,86,0,15.24,2.37
fletan-du-groenland-cru,186,0,14.37,13.84
fletan-du-groenland-cuit,239,0,18.42,17.74
fletan-cru,91,0,18.56,1.33
fletan-cuit,111,0,22.54,1.61
hareng-cru,158,0,17.96,9.04
hareng-cuit,203,0,23.03,11.59
hareng-fume,217,0,24.58,12.37
hoplostethe-orange-cru,76,0,16.41,0.7
hoplostethe-orange-cuit,105,0,22.64,0.9
julienne-crue,87,0,18.99,0.64
julienne-cuite,111,0,24.35,0.82
loquette-damerique-crue,79,0,16.64,0.91
loquette-damerique-cuite,102,0,21.33,1.17
lotte-crue,76,0,14.48,1.52
lotte-cuite,97,0,18.56,1.95
loup-de-mer-cru,91,0,19.39,0.92
loup-de-mer-cuit,117,0,24.86,1.18
maquereau-sale,305,0,18.5,25.1
maquereau-cru,205,0,18.6,13.89
maquereau-cuit,262,0,23.85,17.81
meduse-sechee,36,0,5.5,1.4
merou-cru,92,0,19.38,1.02
merou-cuit,118,0,24.84,1.3
morue-lingue-crue,85,0,17.66,1.06
morue-lingue-cuite,109,0,22.64,1.36
mulet-cru,117,0,19.35,3.79
mulet-cuit,150,0,24.81,4.86
nuggets-de-saumon,212,13.96,12.69,11.72
oeufs-de-poisson-crus,143,1.5,22.32,6.42
oeufs-de-poisson-cuits,204,1.92,28.62,8.23
poisson-lait-chanos-cru,148,0,20.53,6.73
poisson-lait-chanos-cuit,190,0,26.32,8.63
remora-cru,92,0,16.76,2.32
remora-cuit,119,0,21.49,2.97
requin-cru,130,0,20.98,4.51
requin-cuit,228,6.39,18.62,13.82
rondeau-mouton-cru,108,0,20.21,2.41
rondeau-mouton-cuit,126,0,26.02,1.63
sandwich-au-poisson,257,26.69,10.29,12.45
sandwich-au-poisson-et-fromage,279,26.39,11.26,14.64
saumon-argente-cru,160,0,21.27,7.67
saumon-argente-cuit,178,0,24.3,8.23
saumon-keta-cru,120,0,20.14,3.77
saumon-keta-cuit,154,0,25.82,4.83
saumon-rose-cru,127,0,20.5,4.4
saumon-rose-cuit,153,0,24.58,5.28
saumon-rouge-cru,142,0,21.31,5.61
saumon-rouge-cuit,169,0,25.4,6.69
saumon-royal-cru,179,0,19.93,10.43
saumon-royal-cuit,231,0,25.72,13.38
saumon-cru,208,0,20.42,13.42
saumon-cuit,206,0,22.1,12.35
sebaste-du-pacifique-cru,79,0,15.31,1.54
sebaste-du-pacifique-cuit,96,0,18.51,1.87
sebastes-cru,90,0,18.36,1.34
sebastes-cuit,109,0,22.23,1.62
spare-cru,105,0,18.88,2.73
spare-cuit,135,0,24.21,3.5
tambour-croca-cru,123,0,18.51,4.9
tambour-croca-cuit,158,0,23.73,6.28
truite-de-mer-crue,104,0,16.74,3.61
truite-de-mer-cuite,133,0,21.46,4.63
vivaneau-cru,100,0,20.51,1.34
vivaneau-cuit,128,0,26.3,1.72
tofu-azumaya-vitasoy,80,2.3,8.3,4.2
bacon-vegetarien,310,6.32,10.68,29.52
poulet-vegetarien,224,3.64,23.64,12.73
poulet-vegetarien-frit,234,8.51,21.28,12.77
boulettes-vegetariennes,197,8,21,9
pain-de-viande-vegetarien,197,8,21,9
miso,199,26.47,11.69,6.01
natt,212,14.36,17.72,11
okara,77,12.54,3.22,1.73
chips-de-soja,385,53.15,26.5,7.35
farine-de-soja,436,35.19,34.54,20.65
farine-de-soja-grillee,441,33.67,34.8,21.86
farine-de-soja-pauvre-en-matieres-grasses,375,34.93,45.51,8.9
farine-de-soja-crue,339,40.14,44.95,2.39
huile-de-soja,884,0,0,100
concentre-de-proteines-de-soja,328,25.41,63.63,0.46
isolat-de-proteines-de-soja,338,7.36,80.69,3.39
sauce-soja,53,4.93,8.14,0.57
lecithine-de-soja,763,0,0,100
margarine-de-soja,719,0.9,0.9,80.5
huile-de-soja-17325,884,0,0,100
fromage-de-soja,151,6.9,12.5,8.1
graines-de-soja-vertes-cuites,141,11.05,12.35,6.4
graines-de-soja-vertes-crues,147,11.05,12.95,6.8
soja-cuit,173,9.93,16.64,8.97
soja-grille-a-sec,451,32.72,39.58,21.62
soja-cru,446,30.16,36.49,19.94
germes-de-soja-cuites,81,6.53,8.47,4.45
germes-de-soja-crues,122,9.57,13.09,6.7
lait-de-soja,45,3.45,2.94,1.99
tofu-lacto-fermente-baies-roses-sojami,190,4.6,15.5,11.9
croc-tofou-aux-algues-soy,149,1.9,14,8.2
sojasun-amande-noisette-sojasun,84,14.5,3.4,3
yaourt-soja-nature-sojasun,46,0.7,4.6,2.7
steak-de-soja-sojasun,172,6,15.5,8
lait-de-soja-au-chocolat,63,9.95,2.26,1.53
lait-de-soja-a-la-vanille,54,6.28,3.27,1.75
vermicelles-de-soja,331,82.32,0.1,0.1
yaourt-au-tofu,94,15.96,3.5,1.8
koyadofu,480,14.56,47.94,30.34
tofu-frit,271,10.49,17.19,20.18
tofu-cru,76,1.88,8.08,4.78
tempeh,193,9.39,18.54,10.8
tempeh-cuit,196,9.35,18.19,11.38
lait-de-soja-pauvre-en-matieres-grasses,43,7.2,1.65,0.62
lait-de-soja-sans-matieres-grasses,28,4.14,2.47,0.04
lait-de-soja-au-chocolat-sans-matieres-grasses,44,8.51,2.47,0.04
lait-de-soja-a-la-vanille-leger,34,3.85,2.62,0.85
amarante-cuit,102,18.69,3.8,1.58
amarante-crue,371,65.25,13.56,7.02
orge-cuit,123,28.22,2.26,0.44
orge-cru,352,77.72,9.91,1.16
sarrasin-cru,343,71.5,13.25,3.4
sarrasin-cuit,92,19.94,3.38,0.62
boulgour-cuit,83,18.58,3.08,0.24
boulgour-sec,342,75.87,12.29,1.33
massette-quenouille,25,5.14,1.18,0
riz-brun-souffle,388,86,7.1,3.5
graines-de-coton-grillees,506,21.9,32.59,36.29
couscous-cuit,112,23.22,3.79,0.16
couscous-sec,376,77.43,12.76,0.64
kamut-cuit,146,30.46,6.45,0.91
kamut-cru,337,70.38,14.7,2.2
millet-cuit,119,23.67,3.51,1
millet-souffle,354,80,13,3.4
millet-cru,378,72.85,11.02,4.22
son-davoine-cuit,40,11.44,3.21,0.86
son-davoine-cru,246,66.22,17.3,7.03
avoine,389,66.27,16.89,6.9
mais-souffle,387,77.9,12.94,4.54
pop-corn-au-caramel,431,79.1,3.8,12.8
pop-corn-au-fromage,526,51.6,9.3,33.2
pop-corn-au-micro-ondes,532,54.41,8.69,31.07
pop-corn-a-lhuile,583,45.06,7.29,43.55
mais-a-eclater,375,74,10.87,4.31
quinoa-cuit,120,21.3,4.4,1.92
quinoa-sec,368,64.16,14.12,6.07
son-de-riz,316,49.69,13.35,20.85
pain-sans-gluten-nature-cie,212,45,2.8,2.4
cracotte-rustique-wasa,336,59.97,10,10.5
quinola-tomate-olives-bjorg,161,20,5.5,5.3
melange-3-quinoa-carrefour,361,59,12,9
galettes-roquefort-seigle-noix-cerealpes,256,30,6.6,11
pain-de-mie-complet-sans-croute-harry,274,40.4,7.8,4.8
panes-vegetarien-tartex,276,20.2,13.5,14.9
tartines-craquantes-au-quinoa-le-pain-des-fleurs,397,77,9.6,4.6
coquillettes-completes-bio-primeal,323,65.4,11,1.8
belvita-le-moelleux-nature-lu,386,46,6,10.18
pain-grille-au-froment-u,381,76,10,0
craquotte-craquotte,373.3333,74.6667,10.6667,2.6667
cereales-mediterranneennes-tipiak,370,70,12,3.2
biscuit-aux-raisins-gerble,452.5773,65.9794,10.3093,15
special-k-chocolat-au-lait-kelloggs,398,76,8,6
ble-cuit-ebly,341,75,12.1,1.4
cereales-fourre-au-chocolat-au-lait-crunch,461,71,5.7,16.5
special-k-kelloggs,375,79,9,1.5
ble-complet-cuit,62,13.7,2,0.4
ble-complet-sec,342,75.2,11.2,2
germe-de-ble,360,51.8,23.15,9.72
germe-de-ble-grille,382,49.6,29.1,10.7
ble-dur,339,71.13,13.68,2.47
ble-blanc,342,75.9,11.31,1.71
ble-souffle,364,79.6,14.7,1.2
ble-en-copeaux,337,78.76,11.37,2.21
ble-germe,198,42.53,7.49,1.27
son-de-ble,260,64.51,15.55,4.25
triticale,336,72.13,13.05,2.09
teff-cru,367,73.13,13.3,2.38
epeautre-cru,338,70.19,14.57,2.43
epeautre-cuit,127,26.44,5.5,0.85
seigle,338,75.86,10.34,1.63
semoule,360,72.83,12.68,1.05
sorgho,339,74.63,11.3,3.3
teff-cuit,101,19.86,3.87,0.65
frites,147,24.81,2.24,4.66
pommes-de-terre-sautees,166,27.5,2.51,5.13
pommes-de-terre-allumettes,199,31.66,2.9,6.76
soupe-epaisse-pommes-de-terre-jambon,80,5.6,2.7,5.2
galette-de-pommes-de-terre,268,27.81,6.08,14.76
bouchees-aux-pommes-de-terre,190,27.75,2.05,8.62
allumettes-de-pommes-de-terre,522,53.3,6.7,34.4
patate-au-four,93,21.15,2.5,0.13
pomme-de-terre-crue,77,17.47,2.02,0.09
pommes-de-terre-en-conserve,44,9.89,1.2,0.11
puree-de-pommes-de-terre,89,14.65,1.65,2.82
pomme-de-terre-cuite,87,20.13,1.87,0.1
pommes-de-terre-sautees-et-emincees,327,32.2,2.61,21.65
puree-de-pommes-de-terre-avec-lait-beurre,113,16.81,1.86,4.22
peau-de-pomme-de-terre-crue,58,12.44,2.57,0.1
pomme-de-terre-a-peau-rouge-cuite,89,19.59,2.3,0.15
pomme-de-terre-a-peau-rouge-crue,70,15.9,1.89,0.14
pomme-de-terre-russet-cuite,97,21.44,2.63,0.13
pomme-de-terre-russet-crue,79,18.07,2.14,0.08
pommes-de-terre-en-gratin,88,10.78,2.87,3.68
adobo-fresco,271,18.6,2,20.9
sauce-barbecue,172,40.77,0.82,0.63
sauce-barbecue-bulls-eye,170,39.95,0.91,0.67
sauce-barbecue-kraft,172,40.77,0.74,0.62
sauce-barbecue-mcdonalds,165,36.93,1.55,1.22
sauce-au-boeuf,53,4.81,3.75,2.36
sauce-au-bleu-legere,86,13.2,2.1,2.7
sauce-au-bleu,476,4.62,1.37,51.1
ketchup,112,26.23,1.25,0.18
sauce-au-fromage,197,5.48,10.33,14.92
sauce-aux-piments-verts,20,5,0.7,0.1
sauce-cocktail,124,28.22,1.36,1.05
sirop-de-mais-fonce,286,77.59,0,0
sirop-de-mais-leger,283,76.79,0,0.2
sirop-de-canneberge-sucre,151,38.9,0.2,0.15
sauce-a-lorange-aux-canneberges,178,46.2,0.3,0.1
sauce-ranch-sauce-cremeuse-mcdonalds,468,3.49,1.11,52.03
sauce-aigre-douce,245,60.61,0.36,0.13
sauce-au-poisson,35,3.64,5.06,0.01
vinaigrette-0,132,32.14,0.2,0.27
vinaigrette-allegee,233,29.28,0.58,13.46
vinaigrette,457,15.58,0.77,44.81
jus-de-viande,16,2.5,1.2,0.2
sauce-brune-instantanee,380,59.78,8.53,11.85
sauce-brune-en-poudre,367,59.38,10.74,9.61
sauce-au-boeuf-instantanee,369,61.1,9.8,9.48
sauce-a-la-dinde-instantanee,409,57.56,11.72,14.66
sauce-en-poudre,344,58,13,8
sauce-a-la-goyave-cuite,36,9.48,0.32,0.14
sauce-hoisin,220,44.08,3.31,3.39
ketchup-allege-en-sucre-rustica,66,13.2,1.2,0.2
sauce-a-salade-thomy,120,5.3333,0.6667,10.3333
sauce-brasil-la-william,554.3,15.7,1.2,52.6
mayonnaise-allegee-carrefour,290,8.1,1.2,28
sauce-hollandaise-la-ptite-sauce,222,3.9,1.4,22.3
pesto-rosso-barillla,324,10.7,3.8,29.5
sauce-au-poivre,564,3.5,1.2,61.4
sauce-worcestershire,78,19.46,0,0
vinaigre,18,0.04,0,0
vinaigre-de-vin-rouge,19,0.27,0.04,0
vinaigre-balsamique,88,17.03,0.49,0
vinaigre-de-cidre,21,0.93,0,0
sauce-pour-dinde-en-poudre,367,65.12,10.42,7.19
sauce-tomate-herbes-aromatiques-fromage,59,10.24,2.13,1.93
sauce-tomate-aux-champignons,35,8.43,1.45,0.13
sauce-tomate-aux-oignons,42,9.94,1.56,0.19
sauce-chili-a-la-tomate,104,19.79,2.5,0.3
sauce-tomate,29,6.69,1.32,0.18
sauce-tomate-a-lespagnole,33,7.24,1.44,0.27
sauce-teriyaki,89,15.56,5.93,0.02
sauce-tartare,211,13.3,1,16.7
sirop-derable,260,67.04,0.04,0.06
sirop-de-sorgho,290,74.9,0,0
sirop-derable-canadien,270,67.38,0,0
grenadine,268,66.91,0,0
sirop-dorge-malte,318,71.3,6.2,0
sauce-aigre-douce-17430,150,38.22,0.27,0.02
sauce-aigre-douce-mcdonalds,170,39.38,0.66,1.09
sauce-au-steak,95,22.04,1.25,0.23
vinaigrette-en-spray,165,16.6,0.16,10.75
assaisonnement-au-lait-fermente,202,21.33,1.25,12.42
assaisonnement-au-roquefort,99,2.9,5.1,7.2
assaisonnement-bacon-tomates,326,2,1.8,35
assaisonnement-sucre-sale,15,3.7,0.1,0
confit-de-cornichons,130,35.06,0.37,0.47
fausse-mayonnaise-0,84,15.5,0.2,2.7
mayonnaise-legere,238,9.23,0.37,22.22
melasse,290,74.73,0,0.1
raifort,48,11.29,1.18,0.69
salsa-con-queso,143,11.14,3.14,9.51
salsa-verde-sauce-verte,38,6.36,1.13,0.89
sauce-a-pizza,54,8.67,2.18,1.15
sauce-au-poivre-de-cayenne,11,1.75,0.51,0.37
sauce-au-porc-en-poudre,367,63.57,8.78,8.63
sauce-au-tabasco,12,0.8,1.29,0.76
sauce-au-vinaigre-a-lhuile,449,2.5,0,50.1
sauce-aux-champignons,50,5.47,1.26,2.71
sauce-aux-huitres,51,10.92,1.35,0.25
sauce-aux-oignons-en-poudre,322,67.64,9,3
sauce-aux-piments-rouges,21,3.9,0.9,0.6
sauce-aux-prunes,184,42.81,0.89,1.04
sauce-blanche,147,9.17,3.84,10.63
sauce-green-goddess,427,7.36,1.9,43.33
sauce-marinara,49,7.53,1.41,1.48
sauce-mayonnaise,688,0.3,0,77.8
sauce-salsa,29,6.72,1.54,0.17
sirop-de-nances,95,22.79,0.56,1.28
sirop-pour-pancake,265,69.6,0,0.1
sofregit,237,5.46,12.8,18.2
vinaigrette-a-la-creme-sure,178,4.68,3.25,16.57
vinaigrette-au-miel-et-a-la-moutarde,464,23.33,0.87,40.83
vinaigrette-au-miel-et-a-la-moutarde-0,169,38.43,1.07,1.47
vinaigrette-aux-graines-de-pavot,399,24.53,0.92,33.33
vinaigrette-cesar,542,3.3,2.17,57.85
vinaigrette-cesar-basses-calories,110,18.6,0.3,4.4
vinaigrette-italienne,240,12.12,0.41,21.12
vinaigrette-italienne-0,47,8.75,0.97,0.87
vinaigrette-pour-chou-en-salade,390,23.8,0.9,33.4
vinaigrette-pour-salade-de-choux-cru-allegee,329,40,0,20
vinaigrette-ranch,484,6.69,1.03,51.39
vinaigrette-ranch-allegee,196,21.33,1.25,12.42
vinaigrette-ranch-sans-matieres-grasses,119,26.51,0.25,1.92
tournedos,517,0.8,29.1,44.2
bacon,407,0.79,12.53,39.27
pain-de-viande-sauce-barbecue,173,6.4,15.84,8.9
chicken-nuggets,296,14.09,15.27,19.82
steak-de-poulet-pour-hamburger,287,12.84,14.85,19.58
salade-de-jambon,216,10.64,8.68,15.53
souris-dagneau-cuite,243,0,28.37,13.46
souris-dagneau-crue,201,0,18.91,13.38
viande-dagneau-cuite,271,0,25.51,18.01
viande-dagneau-crue,243,0,17.54,18.66
viande-dagneau-rotie,225,0,26.41,12.45
jarret-dagneau-cru,201,0,18.58,13.49
surlonge-dagneau-cuite,292,0,24.63,20.67
surlonge-dagneau-crue,272,0,16.94,22.11
gigot-dagneau-cuit,258,0,25.55,16.48
gigot-dagneau-cru,230,0,17.91,17.07
longe-dagneau-cuite,316,0,25.17,23.08
longe-dagneau-crue,310,0,16.32,26.63
cote-dagneau-cuite,359,0,21.12,29.82
cote-dagneau-crue,372,0,14.52,34.39
epaule-dagneau-cuite,344,0,28.68,24.55
epaule-dagneau-crue,264,0,16.58,21.45
viande-dagneau-hachee-cuite,283,0,24.75,19.65
viande-dagneau-hachee-crue,282,0,16.56,23.41
substitut-de-viande,313,38.32,38.11,2.97
mouton-cuit,234,0.08,33.43,11.09
salade-de-volaille,200,7.41,11.64,13.52
steak-de-saucisse-mcdonalds,405,1.4,15.19,39.58
roti-hache,213,14.06,8.06,13.87
